date,gmv,orders,sessions,marketing_spend,is_promo_active,day_of_week,day_of_year,week_of_year,month,year
2022-01-01,506994,1081,34861,25148,0,5,1,52,1,2022
2022-01-02,445834,819,32858,23769,0,6,2,52,1,2022
2022-01-03,348150,736,23081,22108,0,0,3,1,1,2022
2022-01-04,359418,872,25166,21757,0,1,4,1,1,2022
2022-01-05,381439,871,31082,21420,0,2,5,1,1,2022
2022-01-06,394592,911,28440,25941,0,3,6,1,1,2022
2022-01-07,440207,901,38243,26874,0,4,7,1,1,2022
2022-01-08,512868,1053,38926,27318,0,5,8,1,1,2022
2022-01-09,440238,916,36774,26716,0,6,9,1,1,2022
2022-01-10,344412,809,29591,21380,0,0,10,2,1,2022
2022-01-11,404267,929,30310,23713,0,1,11,2,1,2022
2022-01-12,408315,903,34917,22999,0,2,12,2,1,2022
2022-01-13,410808,976,32697,26477,0,3,13,2,1,2022
2022-01-14,490823,1038,35005,24493,0,4,14,2,1,2022
2022-01-15,504636,1101,40473,33005,0,5,15,2,1,2022
2022-01-16,418899,967,34704,26350,0,6,16,2,1,2022
2022-01-17,352212,962,28203,21932,0,0,17,3,1,2022
2022-01-18,392232,1048,29248,17934,0,1,18,3,1,2022
2022-01-19,419599,958,31310,24528,0,2,19,3,1,2022
2022-01-20,464708,915,36105,27447,0,3,20,3,1,2022
2022-01-21,517454,1115,37949,24655,0,4,21,3,1,2022
2022-01-22,643626,1324,50388,49366,1,5,22,3,1,2022
2022-01-23,489623,1164,38081,25046,0,6,23,3,1,2022
2022-01-24,385828,954,31584,21851,0,0,24,4,1,2022
2022-01-25,402481,1017,34267,23922,0,1,25,4,1,2022
2022-01-26,473279,1275,39196,31376,1,2,26,4,1,2022
2022-01-27,423143,1037,40365,26941,0,3,27,4,1,2022
2022-01-28,492579,1163,37000,25017,0,4,28,4,1,2022
2022-01-29,504157,1286,43248,38097,0,5,29,4,1,2022
2022-01-30,593272,1145,56859,46385,1,6,30,4,1,2022
2022-01-31,395758,1070,29604,19636,0,0,31,5,1,2022
2022-02-01,428248,1075,30744,23030,0,1,32,5,2,2022
2022-02-02,429500,1095,34418,26346,0,2,33,5,2,2022
2022-02-03,444766,1118,41213,26880,0,3,34,5,2,2022
2022-02-04,452145,1190,37145,28378,0,4,35,5,2,2022
2022-02-05,522158,1327,45626,28983,0,5,36,5,2,2022
2022-02-06,478516,1155,47273,33245,0,6,37,5,2,2022
2022-02-07,402472,1074,34364,20552,0,0,38,6,2,2022
2022-02-08,435467,1137,33117,22511,0,1,39,6,2,2022
2022-02-09,467065,1059,40584,29792,0,2,40,6,2,2022
2022-02-10,515743,1245,47684,35305,1,3,41,6,2,2022
2022-02-11,545434,1136,38922,33041,0,4,42,6,2,2022
2022-02-12,549419,1348,47667,32206,0,5,43,6,2,2022
2022-02-13,542530,1068,43326,27618,0,6,44,6,2,2022
2022-02-14,392822,1089,34683,23384,0,0,45,7,2,2022
2022-02-15,445781,1136,37583,22308,0,1,46,7,2,2022
2022-02-16,410474,1079,39999,23441,0,2,47,7,2,2022
2022-02-17,494744,1228,40882,27776,0,3,48,7,2,2022
2022-02-18,516170,1336,48750,28953,0,4,49,7,2,2022
2022-02-19,817646,1629,62673,52028,1,5,50,7,2,2022
2022-02-20,495887,1289,42902,25861,0,6,51,7,2,2022
2022-02-21,418814,1100,34377,23751,0,0,52,8,2,2022
2022-02-22,463807,1144,39821,25489,0,1,53,8,2,2022
2022-02-23,483332,1194,39525,23647,0,2,54,8,2,2022
2022-02-24,519683,1283,42084,26011,0,3,55,8,2,2022
2022-02-25,543395,1342,47574,29133,0,4,56,8,2,2022
2022-02-26,573864,1610,49838,33620,0,5,57,8,2,2022
2022-02-27,575057,1245,45234,30794,0,6,58,8,2,2022
2022-02-28,385128,1202,32885,22868,0,0,59,9,2,2022
2022-03-01,421618,1339,41408,22382,0,1,60,9,3,2022
2022-03-02,484247,1190,41538,25763,0,2,61,9,3,2022
2022-03-03,503331,1296,48388,27012,0,3,62,9,3,2022
2022-03-04,515616,1441,41644,29067,0,4,63,9,3,2022
2022-03-05,651078,1550,54730,27686,0,5,64,9,3,2022
2022-03-06,506768,1339,51909,29346,0,6,65,9,3,2022
2022-03-07,561523,1386,45388,38081,1,0,66,10,3,2022
2022-03-08,488051,1304,34740,25555,0,1,67,10,3,2022
2022-03-09,441004,1311,42655,21939,0,2,68,10,3,2022
2022-03-10,490145,1385,45144,27497,0,3,69,10,3,2022
2022-03-11,555478,1409,55333,30380,0,4,70,10,3,2022
2022-03-12,619784,1614,51790,28541,0,5,71,10,3,2022
2022-03-13,547534,1403,50701,27342,0,6,72,10,3,2022
2022-03-14,506222,1271,41681,22341,0,0,73,11,3,2022
2022-03-15,493594,1361,42125,29724,0,1,74,11,3,2022
2022-03-16,486699,1314,45468,24320,0,2,75,11,3,2022
2022-03-17,580114,1475,43141,26528,0,3,76,11,3,2022
2022-03-18,575578,1654,52870,28423,0,4,77,11,3,2022
2022-03-19,597630,1730,49851,30970,0,5,78,11,3,2022
2022-03-20,544440,1441,48082,28575,0,6,79,11,3,2022
2022-03-21,461194,1287,39566,24686,0,0,80,12,3,2022
2022-03-22,507967,1414,45767,26616,0,1,81,12,3,2022
2022-03-23,503287,1307,49490,22858,0,2,82,12,3,2022
2022-03-24,520427,1494,49294,27561,0,3,83,12,3,2022
2022-03-25,637645,1554,55118,29651,0,4,84,12,3,2022
2022-03-26,604147,1665,63519,38390,0,5,85,12,3,2022
2022-03-27,588394,1533,52609,31628,0,6,86,12,3,2022
2022-03-28,473789,1384,45338,24715,0,0,87,13,3,2022
2022-03-29,541101,1430,54807,27240,0,1,88,13,3,2022
2022-03-30,497032,1499,40378,26047,0,2,89,13,3,2022
2022-03-31,527067,1625,44674,31847,0,3,90,13,3,2022
2022-04-01,610818,1701,64384,33934,0,4,91,13,4,2022
2022-04-02,699856,1860,56315,38107,0,5,92,13,4,2022
2022-04-03,633198,1688,54082,35035,0,6,93,13,4,2022
2022-04-04,452248,1574,52891,26512,0,0,94,14,4,2022
2022-04-05,573130,1565,59974,27426,0,1,95,14,4,2022
2022-04-06,600636,1520,53716,26180,0,2,96,14,4,2022
2022-04-07,661106,1642,57377,29652,0,3,97,14,4,2022
2022-04-08,427447,1242,35905,32332,0,4,98,14,4,2022
2022-04-09,720959,1758,66482,36371,0,5,99,14,4,2022
2022-04-10,636311,1676,61650,29306,0,6,100,14,4,2022
2022-04-11,484309,1438,49555,28762,0,0,101,15,4,2022
2022-04-12,503236,1696,50186,31095,0,1,102,15,4,2022
2022-04-13,529038,1848,56644,24135,0,2,103,15,4,2022
2022-04-14,579120,1739,57678,29338,0,3,104,15,4,2022
2022-04-15,655886,1895,66062,38123,0,4,105,15,4,2022
2022-04-16,754615,1791,62563,33581,0,5,106,15,4,2022
2022-04-17,680774,1775,65170,37601,0,6,107,15,4,2022
2022-04-18,544487,1618,45015,21860,0,0,108,16,4,2022
2022-04-19,516035,1733,57596,28760,0,1,109,16,4,2022
2022-04-20,571048,1787,56414,28403,0,2,110,16,4,2022
2022-04-21,580010,1714,60588,29810,0,3,111,16,4,2022
2022-04-22,704434,1757,67690,39696,0,4,112,16,4,2022
2022-04-23,745356,2189,77330,41030,0,5,113,16,4,2022
2022-04-24,644756,1744,50619,32364,0,6,114,16,4,2022
2022-04-25,573121,1660,55290,24298,0,0,115,17,4,2022
2022-04-26,566820,1802,60996,27081,0,1,116,17,4,2022
2022-04-27,552579,1731,67193,32044,0,2,117,17,4,2022
2022-04-28,650354,1692,61287,32258,0,3,118,17,4,2022
2022-04-29,668648,2158,59651,30061,0,4,119,17,4,2022
2022-04-30,791043,2228,68296,36341,0,5,120,17,4,2022
2022-05-01,677562,1866,73583,35348,0,6,121,17,5,2022
2022-05-02,558143,1650,57911,30776,0,0,122,18,5,2022
2022-05-03,564122,1811,67741,25079,0,1,123,18,5,2022
2022-05-04,663519,1556,60158,34334,0,2,124,18,5,2022
2022-05-05,657336,1939,70233,27752,0,3,125,18,5,2022
2022-05-06,763833,2082,61162,39939,0,4,126,18,5,2022
2022-05-07,767657,2060,73199,41843,0,5,127,18,5,2022
2022-05-08,665068,1906,64935,33423,0,6,128,18,5,2022
2022-05-09,591265,1710,56110,32234,0,0,129,19,5,2022
2022-05-10,595118,1732,61931,24418,0,1,130,19,5,2022
2022-05-11,662747,1877,56183,32346,0,2,131,19,5,2022
2022-05-12,690988,1855,65827,31896,0,3,132,19,5,2022
2022-05-13,753710,2113,68215,34884,0,4,133,19,5,2022
2022-05-14,807389,2064,67421,38846,0,5,134,19,5,2022
2022-05-15,629273,1896,68394,41496,0,6,135,19,5,2022
2022-05-16,596507,1784,57695,26112,0,0,136,20,5,2022
2022-05-17,617356,1807,55222,26547,0,1,137,20,5,2022
2022-05-18,668021,2105,70791,31114,0,2,138,20,5,2022
2022-05-19,675725,1931,78484,33092,0,3,139,20,5,2022
2022-05-20,750681,2178,70214,36873,0,4,140,20,5,2022
2022-05-21,786760,2421,76148,39796,0,5,141,20,5,2022
2022-05-22,715635,2058,68524,33434,0,6,142,20,5,2022
2022-05-23,610252,1786,58264,27962,0,0,143,21,5,2022
2022-05-24,652034,2011,60860,31236,0,1,144,21,5,2022
2022-05-25,642400,1947,76283,29466,0,2,145,21,5,2022
2022-05-26,922128,2995,89141,36654,0,3,146,21,5,2022
2022-05-27,717672,2270,79117,32410,0,4,147,21,5,2022
2022-05-28,784287,2579,74321,38413,0,5,148,21,5,2022
2022-05-29,691009,2242,76417,34459,0,6,149,21,5,2022
2022-05-30,625991,1967,60082,29792,0,0,150,22,5,2022
2022-05-31,646013,2035,70506,31898,0,1,151,22,5,2022
2022-06-01,629152,1980,66142,28331,0,2,152,22,6,2022
2022-06-02,694541,1864,67144,33631,0,3,153,22,6,2022
2022-06-03,909970,2562,106021,50304,1,4,154,22,6,2022
2022-06-04,840130,2441,75324,39607,0,5,155,22,6,2022
2022-06-05,742499,2062,74951,31847,0,6,156,22,6,2022
2022-06-06,657275,2032,67274,33729,0,0,157,23,6,2022
2022-06-07,903043,2327,88295,49558,1,1,158,23,6,2022
2022-06-08,663044,2007,66996,38438,0,2,159,23,6,2022
2022-06-09,827967,2094,70112,30006,0,3,160,23,6,2022
2022-06-10,781092,2086,80333,36818,0,4,161,23,6,2022
2022-06-11,794419,2739,90916,43629,0,5,162,23,6,2022
2022-06-12,784483,2013,79154,38941,0,6,163,23,6,2022
2022-06-13,635197,1914,57699,30317,0,0,164,24,6,2022
2022-06-14,657594,2171,64323,28735,0,1,165,24,6,2022
2022-06-15,654154,2132,76928,31534,0,2,166,24,6,2022
2022-06-16,728470,2197,81407,29306,0,3,167,24,6,2022
2022-06-17,826994,2159,82933,29168,0,4,168,24,6,2022
2022-06-18,857984,2801,82102,38738,0,5,169,24,6,2022
2022-06-19,755958,2165,88582,36629,0,6,170,24,6,2022
2022-06-20,652768,2011,64271,31046,0,0,171,25,6,2022
2022-06-21,670254,2135,67377,28768,0,1,172,25,6,2022
2022-06-22,740472,2024,56002,35411,0,2,173,25,6,2022
2022-06-23,757819,2083,72147,34763,0,3,174,25,6,2022
2022-06-24,817033,2484,86067,37629,0,4,175,25,6,2022
2022-06-25,1261460,3162,102613,68625,1,5,176,25,6,2022
2022-06-26,821679,2124,85652,41226,0,6,177,25,6,2022
2022-06-27,639072,1946,69430,31154,0,0,178,26,6,2022
2022-06-28,881507,2595,90654,43255,1,1,179,26,6,2022
2022-06-29,691215,2166,68742,25048,0,2,180,26,6,2022
2022-06-30,794801,2279,66445,29229,0,3,181,26,6,2022
2022-07-01,807185,2461,88548,36254,0,4,182,26,7,2022
2022-07-02,894470,2800,86358,33596,0,5,183,26,7,2022
2022-07-03,775502,2277,86825,40993,0,6,184,26,7,2022
2022-07-04,588353,2126,60124,29444,0,0,185,27,7,2022
2022-07-05,691195,2165,71162,35064,0,1,186,27,7,2022
2022-07-06,661383,2390,74003,32551,0,2,187,27,7,2022
2022-07-07,777277,2182,82067,33083,0,3,188,27,7,2022
2022-07-08,770273,2463,87655,34758,0,4,189,27,7,2022
2022-07-09,945083,2865,91767,39081,0,5,190,27,7,2022
2022-07-10,752538,2513,73269,33671,0,6,191,27,7,2022
2022-07-11,651461,2048,75503,32029,0,0,192,28,7,2022
2022-07-12,657932,2064,69047,29636,0,1,193,28,7,2022
2022-07-13,691339,2300,73755,30526,0,2,194,28,7,2022
2022-07-14,795390,2132,84764,35178,0,3,195,28,7,2022
2022-07-15,824886,2367,101769,39887,0,4,196,28,7,2022
2022-07-16,887489,2556,83772,42722,0,5,197,28,7,2022
2022-07-17,764473,2180,76860,40360,0,6,198,28,7,2022
2022-07-18,648841,2092,69733,32726,0,0,199,29,7,2022
2022-07-19,642066,2097,76308,32357,0,1,200,29,7,2022
2022-07-20,727928,2521,77558,26469,0,2,201,29,7,2022
2022-07-21,733250,2423,80963,34896,0,3,202,29,7,2022
2022-07-22,813793,2378,90880,38274,0,4,203,29,7,2022
2022-07-23,882154,2726,101966,36313,0,5,204,29,7,2022
2022-07-24,785356,2209,89658,35555,0,6,205,29,7,2022
2022-07-25,658350,2147,62136,28073,0,0,206,30,7,2022
2022-07-26,636516,2277,60998,30968,0,1,207,30,7,2022
2022-07-27,688335,2251,77281,29251,0,2,208,30,7,2022
2022-07-28,725259,2270,79551,34496,0,3,209,30,7,2022
2022-07-29,756241,2601,84306,37275,0,4,210,30,7,2022
2022-07-30,829021,2685,95964,30112,0,5,211,30,7,2022
2022-07-31,781441,2357,83742,39872,0,6,212,30,7,2022
2022-08-01,639434,2216,70940,27507,0,0,213,31,8,2022
2022-08-02,634761,2218,84306,24683,0,1,214,31,8,2022
2022-08-03,762284,2246,86802,31745,0,2,215,31,8,2022
2022-08-04,741704,2423,73951,37778,0,3,216,31,8,2022
2022-08-05,816599,2405,91494,39872,0,4,217,31,8,2022
2022-08-06,895932,2666,106068,40684,0,5,218,31,8,2022
2022-08-07,737744,2452,76789,30692,0,6,219,31,8,2022
2022-08-08,655672,2303,66056,29826,0,0,220,32,8,2022
2022-08-09,686346,2472,71698,29615,0,1,221,32,8,2022
2022-08-10,952222,2910,98911,46752,1,2,222,32,8,2022
2022-08-11,731948,2292,67385,30256,0,3,223,32,8,2022
2022-08-12,843633,2405,94796,32025,0,4,224,32,8,2022
2022-08-13,887075,2558,99560,42148,0,5,225,32,8,2022
2022-08-14,773875,2216,84670,35000,0,6,226,32,8,2022
2022-08-15,649276,1976,79177,29783,0,0,227,33,8,2022
2022-08-16,657310,2233,79330,31478,0,1,228,33,8,2022
2022-08-17,758178,2327,72327,31389,0,2,229,33,8,2022
2022-08-18,680545,2199,73996,31908,0,3,230,33,8,2022
2022-08-19,871777,2460,87915,39478,0,4,231,33,8,2022
2022-08-20,921806,2661,101700,33198,0,5,232,33,8,2022
2022-08-21,824353,2637,101951,33227,0,6,233,33,8,2022
2022-08-22,625011,2311,76422,33442,0,0,234,34,8,2022
2022-08-23,661844,2402,70970,29811,0,1,235,34,8,2022
2022-08-24,709119,2127,71031,30522,0,2,236,34,8,2022
2022-08-25,717705,2217,92265,30041,0,3,237,34,8,2022
2022-08-26,737732,2363,75651,41018,0,4,238,34,8,2022
2022-08-27,1017771,3396,110871,49605,1,5,239,34,8,2022
2022-08-28,647956,2377,82289,31092,0,6,240,34,8,2022
2022-08-29,641571,2301,71544,26874,0,0,241,35,8,2022
2022-08-30,623684,2133,66607,27215,0,1,242,35,8,2022
2022-08-31,601111,2382,74689,36456,0,2,243,35,8,2022
2022-09-01,712931,2256,81349,34101,0,3,244,35,9,2022
2022-09-02,801884,2504,78898,39310,0,4,245,35,9,2022
2022-09-03,876974,2674,88225,36353,0,5,246,35,9,2022
2022-09-04,753149,2349,84750,31241,0,6,247,35,9,2022
2022-09-05,595914,2382,64159,28191,0,0,248,36,9,2022
2022-09-06,636242,2386,83652,31835,0,1,249,36,9,2022
2022-09-07,713676,2190,79006,29547,0,2,250,36,9,2022
2022-09-08,696394,2141,79708,34144,0,3,251,36,9,2022
2022-09-09,734745,2503,83571,35972,0,4,252,36,9,2022
2022-09-10,842400,2534,100689,37629,0,5,253,36,9,2022
2022-09-11,763647,2365,93597,35809,0,6,254,36,9,2022
2022-09-12,590369,2116,64717,29617,0,0,255,37,9,2022
2022-09-13,609069,2250,75870,30677,0,1,256,37,9,2022
2022-09-14,628804,2320,85831,31404,0,2,257,37,9,2022
2022-09-15,758021,2342,76160,28956,0,3,258,37,9,2022
2022-09-16,766519,2661,83952,36659,0,4,259,37,9,2022
2022-09-17,820489,2418,77549,37865,0,5,260,37,9,2022
2022-09-18,714947,2338,79715,30902,0,6,261,37,9,2022
2022-09-19,545752,2288,57114,26204,0,0,262,38,9,2022
2022-09-20,585213,2353,72179,30790,0,1,263,38,9,2022
2022-09-21,697906,2380,79198,29872,0,2,264,38,9,2022
2022-09-22,701498,2330,73205,29383,0,3,265,38,9,2022
2022-09-23,757364,2570,92309,38311,0,4,266,38,9,2022
2022-09-24,722088,2829,83326,38282,0,5,267,38,9,2022
2022-09-25,703172,2424,75193,33469,0,6,268,38,9,2022
2022-09-26,553140,2263,67040,29312,0,0,269,39,9,2022
2022-09-27,583115,2224,68494,31342,0,1,270,39,9,2022
2022-09-28,607622,2137,72631,30862,0,2,271,39,9,2022
2022-09-29,696384,2227,84829,33828,0,3,272,39,9,2022
2022-09-30,986510,3286,109980,58727,1,4,273,39,9,2022
2022-10-01,854081,2658,109637,41066,0,5,274,39,10,2022
2022-10-02,755384,2454,88564,33425,0,6,275,39,10,2022
2022-10-03,581763,2155,66495,25029,0,0,276,40,10,2022
2022-10-04,577453,2061,80738,29345,0,1,277,40,10,2022
2022-10-05,601430,2175,61373,30052,0,2,278,40,10,2022
2022-10-06,597465,2308,73872,31240,0,3,279,40,10,2022
2022-10-07,723841,2206,83821,32528,0,4,280,40,10,2022
2022-10-08,752959,2493,92123,45595,0,5,281,40,10,2022
2022-10-09,716625,2295,81495,36486,0,6,282,40,10,2022
2022-10-10,604045,2229,66622,26208,0,0,283,41,10,2022
2022-10-11,633193,2146,57209,26627,0,1,284,41,10,2022
2022-10-12,584034,2402,70905,29861,0,2,285,41,10,2022
2022-10-13,648715,2203,83376,32712,0,3,286,41,10,2022
2022-10-14,687113,2478,82792,34958,0,4,287,41,10,2022
2022-10-15,783870,2804,92908,30631,0,5,288,41,10,2022
2022-10-16,718892,2324,85549,29500,0,6,289,41,10,2022
2022-10-17,591879,2211,61694,22405,0,0,290,42,10,2022
2022-10-18,568402,2280,66735,25736,0,1,291,42,10,2022
2022-10-19,601464,2159,72793,30537,0,2,292,42,10,2022
2022-10-20,633769,2315,87196,34960,0,3,293,42,10,2022
2022-10-21,689629,2512,75286,34736,0,4,294,42,10,2022
2022-10-22,896130,3117,99202,45473,1,5,295,42,10,2022
2022-10-23,665518,2210,69647,28202,0,6,296,42,10,2022
2022-10-24,516933,2059,68606,28996,0,0,297,43,10,2022
2022-10-25,593749,1992,64747,25126,0,1,298,43,10,2022
2022-10-26,627496,2455,68708,36523,0,2,299,43,10,2022
2022-10-27,575374,2308,67459,30321,0,3,300,43,10,2022
2022-10-28,690868,2411,87169,35628,0,4,301,43,10,2022
2022-10-29,733036,2526,94355,35236,0,5,302,43,10,2022
2022-10-30,618123,2271,80674,36940,0,6,303,43,10,2022
2022-10-31,559913,2088,52838,27804,0,0,304,44,10,2022
2022-11-01,550888,2315,69082,30237,0,1,305,44,11,2022
2022-11-02,641274,2209,78349,29732,0,2,306,44,11,2022
2022-11-03,592622,2379,77659,29188,0,3,307,44,11,2022
2022-11-04,685619,2548,87331,32777,0,4,308,44,11,2022
2022-11-05,737490,2828,93705,40641,0,5,309,44,11,2022
2022-11-06,630166,2285,78748,30386,0,6,310,44,11,2022
2022-11-07,536439,2226,64465,21947,0,0,311,45,11,2022
2022-11-08,570749,2125,64319,28108,0,1,312,45,11,2022
2022-11-09,592571,2101,71243,32558,0,2,313,45,11,2022
2022-11-10,601896,2400,82426,26343,0,3,314,45,11,2022
2022-11-11,684000,2345,91197,40779,0,4,315,45,11,2022
2022-11-12,686707,2810,96816,38442,0,5,316,45,11,2022
2022-11-13,600360,2487,76732,30746,0,6,317,45,11,2022
2022-11-14,631217,2485,75939,37985,1,0,318,46,11,2022
2022-11-15,545490,2222,64026,24688,0,1,319,46,11,2022
2022-11-16,563729,2469,77589,29347,0,2,320,46,11,2022
2022-11-17,621260,2435,80862,36010,0,3,321,46,11,2022
2022-11-18,633611,2492,88216,30882,0,4,322,46,11,2022
2022-11-19,683413,2536,90914,37529,0,5,323,46,11,2022
2022-11-20,605810,2614,79202,37104,0,6,324,46,11,2022
2022-11-21,513567,2045,59979,28833,0,0,325,47,11,2022
2022-11-22,536225,2195,61411,31591,0,1,326,47,11,2022
2022-11-23,578756,2200,70106,28395,0,2,327,47,11,2022
2022-11-24,725905,2693,83954,40578,1,3,328,47,11,2022
2022-11-25,662502,2578,87289,34620,0,4,329,47,11,2022
2022-11-26,728159,2617,87525,36661,0,5,330,47,11,2022
2022-11-27,614891,2386,68482,28959,0,6,331,47,11,2022
2022-11-28,488366,2137,68936,28864,0,0,332,48,11,2022
2022-11-29,525687,2252,60174,28267,0,1,333,48,11,2022
2022-11-30,561352,2162,67944,29456,0,2,334,48,11,2022
2022-12-01,624563,2205,77607,28078,0,3,335,48,12,2022
2022-12-02,643576,2586,81661,36821,0,4,336,48,12,2022
2022-12-03,632084,2766,100102,34493,0,5,337,48,12,2022
2022-12-04,670227,2173,80407,31378,0,6,338,48,12,2022
2022-12-05,483153,2239,62459,23260,0,0,339,49,12,2022
2022-12-06,501977,2265,70421,28781,0,1,340,49,12,2022
2022-12-07,596884,2275,73850,31452,0,2,341,49,12,2022
2022-12-08,574150,2530,83647,36107,0,3,342,49,12,2022
2022-12-09,709409,3003,92378,63421,1,4,343,49,12,2022
2022-12-10,656722,2553,85009,37702,0,5,344,49,12,2022
2022-12-11,544221,2550,88193,31105,0,6,345,49,12,2022
2022-12-12,473352,2134,57497,28343,0,0,346,50,12,2022
2022-12-13,507193,2352,63760,28811,0,1,347,50,12,2022
2022-12-14,522760,2436,84188,25639,0,2,348,50,12,2022
2022-12-15,530175,2374,83524,31246,0,3,349,50,12,2022
2022-12-16,626196,2658,78239,32987,0,4,350,50,12,2022
2022-12-17,703173,2973,91469,39637,0,5,351,50,12,2022
2022-12-18,618931,2145,87536,33817,0,6,352,50,12,2022
2022-12-19,288006,1779,36227,24415,0,0,353,51,12,2022
2022-12-20,500614,2262,73055,31414,0,1,354,51,12,2022
2022-12-21,508631,2146,70289,32648,0,2,355,51,12,2022
2022-12-22,584466,2393,78069,26450,0,3,356,51,12,2022
2022-12-23,587627,2582,79276,35748,0,4,357,51,12,2022
2022-12-24,667301,2784,94851,36643,0,5,358,51,12,2022
2022-12-25,592910,2253,90139,36174,0,6,359,51,12,2022
2022-12-26,496008,2230,65574,29787,0,0,360,52,12,2022
2022-12-27,456824,2502,88689,29320,0,1,361,52,12,2022
2022-12-28,549709,2425,75370,27548,0,2,362,52,12,2022
2022-12-29,566278,2394,85367,27500,0,3,363,52,12,2022
2022-12-30,625304,2619,89833,30666,0,4,364,52,12,2022
2022-12-31,633186,2987,90555,41173,0,5,365,52,12,2022
2023-01-01,585514,2386,79776,33152,0,6,1,52,1,2023
2023-01-02,503473,2463,72695,29798,0,0,2,1,1,2023
2023-01-03,750396,2885,102038,30683,0,1,3,1,1,2023
2023-01-04,524842,2363,86139,29033,0,2,4,1,1,2023
2023-01-05,554742,2523,73929,29618,0,3,5,1,1,2023
2023-01-06,678321,2873,88610,35488,0,4,6,1,1,2023
2023-01-07,648196,2824,85614,42118,0,5,7,1,1,2023
2023-01-08,578949,2817,87129,33597,0,6,8,1,1,2023
2023-01-09,641785,2692,86347,42603,1,0,9,2,1,2023
2023-01-10,568000,2379,75116,30689,0,1,10,2,1,2023
2023-01-11,695084,2967,84938,53306,1,2,11,2,1,2023
2023-01-12,592836,2613,81684,38610,0,3,12,2,1,2023
2023-01-13,665061,2887,94854,36463,0,4,13,2,1,2023
2023-01-14,634366,3068,91288,38673,0,5,14,2,1,2023
2023-01-15,570835,2748,93085,35789,0,6,15,2,1,2023
2023-01-16,489463,2197,59231,23870,0,0,16,3,1,2023
2023-01-17,616498,3098,93083,42368,1,1,17,3,1,2023
2023-01-18,539952,2597,74461,33468,0,2,18,3,1,2023
2023-01-19,548789,2442,77921,29770,0,3,19,3,1,2023
2023-01-20,608968,2637,100576,34194,0,4,20,3,1,2023
2023-01-21,716603,3050,90488,38986,0,5,21,3,1,2023
2023-01-22,586400,2770,91063,35796,0,6,22,3,1,2023
2023-01-23,533796,2584,67427,30442,0,0,23,4,1,2023
2023-01-24,541366,2362,79552,29644,0,1,24,4,1,2023
2023-01-25,597268,2893,76689,27738,0,2,25,4,1,2023
2023-01-26,598169,2508,71386,38387,0,3,26,4,1,2023
2023-01-27,626415,2940,102179,38362,0,4,27,4,1,2023
2023-01-28,711069,3207,92595,42210,0,5,28,4,1,2023
2023-01-29,714359,2637,91594,34605,0,6,29,4,1,2023
2023-01-30,550423,2552,78300,26041,0,0,30,5,1,2023
2023-01-31,512321,2599,86816,30773,0,1,31,5,1,2023
2023-02-01,571040,2816,89660,32341,0,2,32,5,2,2023
2023-02-02,552536,2839,89329,32256,0,3,33,5,2,2023
2023-02-03,728802,2939,84106,32963,0,4,34,5,2,2023
2023-02-04,909590,4317,119962,43732,0,5,35,5,2,2023
2023-02-05,618783,3084,95021,28367,0,6,36,5,2,2023
2023-02-06,495676,2865,66005,26278,0,0,37,6,2,2023
2023-02-07,606170,2610,90202,31840,0,1,38,6,2,2023
2023-02-08,603409,2855,88271,28976,0,2,39,6,2,2023
2023-02-09,640852,2823,101751,42114,0,3,40,6,2,2023
2023-02-10,690326,2831,121727,44519,0,4,41,6,2,2023
2023-02-11,741065,3578,101885,34340,0,5,42,6,2,2023
2023-02-12,653280,2731,103440,39228,0,6,43,6,2,2023
2023-02-13,551573,2743,79562,32983,0,0,44,7,2,2023
2023-02-14,554363,2814,75169,32127,0,1,45,7,2,2023
2023-02-15,624140,2992,97288,35661,0,2,46,7,2,2023
2023-02-16,775649,3699,120817,52060,1,3,47,7,2,2023
2023-02-17,643819,2922,104528,38103,0,4,48,7,2,2023
2023-02-18,828841,3780,117493,48085,0,5,49,7,2,2023
2023-02-19,591125,2830,87818,31824,0,6,50,7,2,2023
2023-02-20,581398,2710,90378,30287,0,0,51,8,2,2023
2023-02-21,635724,2908,90292,33094,0,1,52,8,2,2023
2023-02-22,641539,2918,87044,29654,0,2,53,8,2,2023
2023-02-23,663280,3107,86809,35379,0,3,54,8,2,2023
2023-02-24,726667,3199,116174,40398,0,4,55,8,2,2023
2023-02-25,794308,3690,118467,50108,0,5,56,8,2,2023
2023-02-26,659371,3360,117103,41183,0,6,57,8,2,2023
2023-02-27,587115,2863,80298,29295,0,0,58,9,2,2023
2023-02-28,626657,2989,83070,31819,0,1,59,9,2,2023
2023-03-01,617275,3010,97478,39800,0,2,60,9,3,2023
2023-03-02,691889,2900,93811,36227,0,3,61,9,3,2023
2023-03-03,772238,3596,97046,34531,0,4,62,9,3,2023
2023-03-04,801895,3854,115105,50453,0,5,63,9,3,2023
2023-03-05,694997,3044,100201,44636,0,6,64,9,3,2023
2023-03-06,587289,2874,80740,32260,0,0,65,10,3,2023
2023-03-07,628330,2991,108221,36057,0,1,66,10,3,2023
2023-03-08,714214,3117,110549,32875,0,2,67,10,3,2023
2023-03-09,662667,3334,112754,36281,0,3,68,10,3,2023
2023-03-10,794549,3411,116621,40025,0,4,69,10,3,2023
2023-03-11,819314,3913,139834,51535,0,5,70,10,3,2023
2023-03-12,740186,3039,116725,32039,0,6,71,10,3,2023
2023-03-13,599600,2932,95287,37069,0,0,72,11,3,2023
2023-03-14,644826,3210,82297,35441,0,1,73,11,3,2023
2023-03-15,706060,3440,110753,37555,0,2,74,11,3,2023
2023-03-16,705907,3578,110602,45053,0,3,75,11,3,2023
2023-03-17,767892,3602,122819,36541,0,4,76,11,3,2023
2023-03-18,884533,4032,121012,48614,0,5,77,11,3,2023
2023-03-19,790444,3679,95039,38279,0,6,78,11,3,2023
2023-03-20,657122,3128,88655,33124,0,0,79,12,3,2023
2023-03-21,631877,3189,102938,34014,0,1,80,12,3,2023
2023-03-22,701180,3224,97240,30489,0,2,81,12,3,2023
2023-03-23,740846,3797,113308,34317,0,3,82,12,3,2023
2023-03-24,725026,3755,126887,41244,0,4,83,12,3,2023
2023-03-25,883136,4043,134170,43035,0,5,84,12,3,2023
2023-03-26,810769,3338,122213,40354,0,6,85,12,3,2023
2023-03-27,649055,3305,81142,31197,0,0,86,13,3,2023
2023-03-28,672364,3547,93314,33320,0,1,87,13,3,2023
2023-03-29,688820,3555,100854,40348,0,2,88,13,3,2023
2023-03-30,795298,3516,105382,38608,0,3,89,13,3,2023
2023-03-31,864557,4009,110553,42761,0,4,90,13,3,2023
2023-04-01,910354,4056,115734,39341,0,5,91,13,4,2023
2023-04-02,829372,3625,131534,41598,0,6,92,13,4,2023
2023-04-03,635335,3237,92666,36644,0,0,93,14,4,2023
2023-04-04,733503,3448,104040,37004,0,1,94,14,4,2023
2023-04-05,721769,3211,115222,38927,0,2,95,14,4,2023
2023-04-06,720244,3582,111402,37512,0,3,96,14,4,2023
2023-04-07,845638,3882,130473,38982,0,4,97,14,4,2023
2023-04-08,947943,4158,137470,45264,0,5,98,14,4,2023
2023-04-09,887572,3787,131251,42527,0,6,99,14,4,2023
2023-04-10,673600,3237,94778,31419,0,0,100,15,4,2023
2023-04-11,663752,3674,110629,35763,0,1,101,15,4,2023
2023-04-12,799001,3808,117988,36711,0,2,102,15,4,2023
2023-04-13,837478,3627,120728,42060,0,3,103,15,4,2023
2023-04-14,840873,3813,130031,51425,0,4,104,15,4,2023
2023-04-15,965722,4000,140670,46096,0,5,105,15,4,2023
2023-04-16,886870,3706,122363,41382,0,6,106,15,4,2023
2023-04-17,687768,3347,97356,27043,0,0,107,16,4,2023
2023-04-18,1003248,4147,146912,57333,1,1,108,16,4,2023
2023-04-19,775011,3694,112386,32852,0,2,109,16,4,2023
2023-04-20,776695,3605,127762,46117,0,3,110,16,4,2023
2023-04-21,971784,3753,139286,46200,0,4,111,16,4,2023
2023-04-22,977085,4644,126840,48116,0,5,112,16,4,2023
2023-04-23,912655,4108,119951,44001,0,6,113,16,4,2023
2023-04-24,677111,3375,98064,33779,0,0,114,17,4,2023
2023-04-25,716541,3508,114722,36854,0,1,115,17,4,2023
2023-04-26,898265,3986,100710,43275,0,2,116,17,4,2023
2023-04-27,794991,3771,114822,41707,0,3,117,17,4,2023
2023-04-28,860795,4321,127753,40424,0,4,118,17,4,2023
2023-04-29,1005731,4935,134414,55658,0,5,119,17,4,2023
2023-04-30,897992,4152,135137,37380,0,6,120,17,4,2023
2023-05-01,745084,3830,93553,32119,0,0,121,18,5,2023
2023-05-02,727850,3533,124794,35560,0,1,122,18,5,2023
2023-05-03,826483,3609,116941,41210,0,2,123,18,5,2023
2023-05-04,862120,3822,126410,42602,0,3,124,18,5,2023
2023-05-05,869926,3795,136015,51871,0,4,125,18,5,2023
2023-05-06,949409,4507,175998,50286,0,5,126,18,5,2023
2023-05-07,874922,3405,128595,45247,0,6,127,18,5,2023
2023-05-08,723599,3690,120620,40563,0,0,128,19,5,2023
2023-05-09,745058,3959,119041,40991,0,1,129,19,5,2023
2023-05-10,772347,4232,123874,38993,0,2,130,19,5,2023
2023-05-11,951502,3971,130905,42875,0,3,131,19,5,2023
2023-05-12,1031999,4225,167589,46385,0,4,132,19,5,2023
2023-05-13,1078526,4793,129371,54435,0,5,133,19,5,2023
2023-05-14,975131,4037,151417,48709,0,6,134,19,5,2023
2023-05-15,758106,3858,119588,31035,0,0,135,20,5,2023
2023-05-16,819778,3837,121591,36583,0,1,136,20,5,2023
2023-05-17,798946,4156,95599,40528,0,2,137,20,5,2023
2023-05-18,962112,4108,114463,45481,0,3,138,20,5,2023
2023-05-19,987394,4464,132586,44581,0,4,139,20,5,2023
2023-05-20,1141610,4794,149521,41225,0,5,140,20,5,2023
2023-05-21,961670,4003,159608,40739,0,6,141,20,5,2023
2023-05-22,808018,4029,131509,35826,0,0,142,21,5,2023
2023-05-23,838580,3652,105825,38816,0,1,143,21,5,2023
2023-05-24,917155,4132,118962,37192,0,2,144,21,5,2023
2023-05-25,920489,4284,135771,40100,0,3,145,21,5,2023
2023-05-26,1010506,4553,134252,55017,0,4,146,21,5,2023
2023-05-27,1193783,4931,169189,56960,0,5,147,21,5,2023
2023-05-28,1008928,3826,149463,48431,0,6,148,21,5,2023
2023-05-29,762826,3864,102955,40206,0,0,149,22,5,2023
2023-05-30,853870,4001,118200,39439,0,1,150,22,5,2023
2023-05-31,1133304,4911,140967,59501,1,2,151,22,5,2023
2023-06-01,956026,3992,141672,39330,0,3,152,22,6,2023
2023-06-02,1351005,5187,169267,66825,1,4,153,22,6,2023
2023-06-03,1175214,4985,163176,46420,0,5,154,22,6,2023
2023-06-04,913522,4336,176019,48137,0,6,155,22,6,2023
2023-06-05,767046,3609,110060,32353,0,0,156,23,6,2023
2023-06-06,870164,3959,142673,39142,0,1,157,23,6,2023
2023-06-07,812859,4328,130731,45349,0,2,158,23,6,2023
2023-06-08,933940,3949,139329,42990,0,3,159,23,6,2023
2023-06-09,1035487,4745,133410,48310,0,4,160,23,6,2023
2023-06-10,676773,3862,122832,51832,0,5,161,23,6,2023
2023-06-11,977383,4292,135644,49367,0,6,162,23,6,2023
2023-06-12,719766,3903,121143,35758,0,0,163,24,6,2023
2023-06-13,936791,4491,116771,39994,0,1,164,24,6,2023
2023-06-14,1006187,4316,136921,44347,0,2,165,24,6,2023
2023-06-15,1374200,4979,184016,56747,1,3,166,24,6,2023
2023-06-16,1055863,4740,179565,43022,0,4,167,24,6,2023
2023-06-17,1171328,4914,143022,47785,0,5,168,24,6,2023
2023-06-18,961972,4133,184174,39850,0,6,169,24,6,2023
2023-06-19,838441,3994,124210,38121,0,0,170,25,6,2023
2023-06-20,924410,4196,143188,37683,0,1,171,25,6,2023
2023-06-21,942143,3700,142457,38849,0,2,172,25,6,2023
2023-06-22,1032189,4064,136140,46102,0,3,173,25,6,2023
2023-06-23,1053798,4370,145109,39680,0,4,174,25,6,2023
2023-06-24,1222022,4929,171415,45443,0,5,175,25,6,2023
2023-06-25,1050180,4782,141099,50589,0,6,176,25,6,2023
2023-06-26,754686,4059,118916,36542,0,0,177,26,6,2023
2023-06-27,1129456,4663,154157,67257,1,1,178,26,6,2023
2023-06-28,968823,4293,113256,44762,0,2,179,26,6,2023
2023-06-29,910794,4405,163026,43115,0,3,180,26,6,2023
2023-06-30,983048,5123,150188,45616,0,4,181,26,6,2023
2023-07-01,1231353,5015,150176,53300,0,5,182,26,7,2023
2023-07-02,1373082,5445,177878,89884,1,6,183,26,7,2023
2023-07-03,1042240,5028,149847,52627,1,0,184,27,7,2023
2023-07-04,907512,4225,114108,36992,0,1,185,27,7,2023
2023-07-05,883911,4213,150229,45294,0,2,186,27,7,2023
2023-07-06,943109,3973,166201,46842,0,3,187,27,7,2023
2023-07-07,1102030,4556,170571,44653,0,4,188,27,7,2023
2023-07-08,1075838,4838,163204,60058,0,5,189,27,7,2023
2023-07-09,1037513,4543,152822,41986,0,6,190,27,7,2023
2023-07-10,790704,4318,131308,35971,0,0,191,28,7,2023
2023-07-11,901522,4264,156401,40886,0,1,192,28,7,2023
2023-07-12,969781,4193,145389,41808,0,2,193,28,7,2023
2023-07-13,975253,4387,160268,49044,0,3,194,28,7,2023
2023-07-14,1089821,4636,187122,47703,0,4,195,28,7,2023
2023-07-15,1239143,5106,158964,56112,0,5,196,28,7,2023
2023-07-16,974895,4819,159929,43799,0,6,197,28,7,2023
2023-07-17,883253,4369,129800,35909,0,0,198,29,7,2023
2023-07-18,886115,4147,126777,44199,0,1,199,29,7,2023
2023-07-19,978627,4254,124922,36224,0,2,200,29,7,2023
2023-07-20,988311,4251,149152,39348,0,3,201,29,7,2023
2023-07-21,1097227,4969,138686,40650,0,4,202,29,7,2023
2023-07-22,1215492,4715,165230,44079,0,5,203,29,7,2023
2023-07-23,1004388,4198,153981,50153,0,6,204,29,7,2023
2023-07-24,843180,4013,133292,39824,0,0,205,30,7,2023
2023-07-25,946087,3890,131450,36109,0,1,206,30,7,2023
2023-07-26,1017450,4154,136938,41743,0,2,207,30,7,2023
2023-07-27,935252,4548,148115,45510,0,3,208,30,7,2023
2023-07-28,1698764,5561,195556,49875,0,4,209,30,7,2023
2023-07-29,1181454,5123,166384,49098,0,5,210,30,7,2023
2023-07-30,1076636,4223,177819,47545,0,6,211,30,7,2023
2023-07-31,904553,4029,130833,38763,0,0,212,31,7,2023
2023-08-01,879304,4453,102961,36790,0,1,213,31,8,2023
2023-08-02,1324478,5700,181304,71829,1,2,214,31,8,2023
2023-08-03,931296,4430,147064,49651,0,3,215,31,8,2023
2023-08-04,1025027,4502,168473,45231,0,4,216,31,8,2023
2023-08-05,1154135,5601,186179,57185,0,5,217,31,8,2023
2023-08-06,1044480,4768,158600,57111,0,6,218,31,8,2023
2023-08-07,847324,4092,102854,43576,0,0,219,32,8,2023
2023-08-08,896285,4366,143785,47306,0,1,220,32,8,2023
2023-08-09,950807,4278,124135,40032,0,2,221,32,8,2023
2023-08-10,856470,3839,151223,50964,0,3,222,32,8,2023
2023-08-11,1059640,4501,164016,35657,0,4,223,32,8,2023
2023-08-12,1061162,5152,183642,47816,0,5,224,32,8,2023
2023-08-13,977321,4693,148377,48494,0,6,225,32,8,2023
2023-08-14,749540,3937,144276,44560,0,0,226,33,8,2023
2023-08-15,873947,4118,138458,41035,0,1,227,33,8,2023
2023-08-16,902551,4159,137548,41626,0,2,228,33,8,2023
2023-08-17,900995,4502,141292,45451,0,3,229,33,8,2023
2023-08-18,1010873,4240,166832,45708,0,4,230,33,8,2023
2023-08-19,1156953,5397,178254,56388,0,5,231,33,8,2023
2023-08-20,1060504,4026,153475,43043,0,6,232,33,8,2023
2023-08-21,821027,3817,148254,35848,0,0,233,34,8,2023
2023-08-22,923637,3820,126932,39034,0,1,234,34,8,2023
2023-08-23,775146,4292,148395,50733,0,2,235,34,8,2023
2023-08-24,961671,4147,143047,43262,0,3,236,34,8,2023
2023-08-25,941050,4443,168370,47422,0,4,237,34,8,2023
2023-08-26,1137522,5300,211466,48257,0,5,238,34,8,2023
2023-08-27,1048818,4153,135322,46428,0,6,239,34,8,2023
2023-08-28,784060,3827,132123,39047,0,0,240,35,8,2023
2023-08-29,807124,4313,136639,41732,0,1,241,35,8,2023
2023-08-30,912585,4284,141340,37191,0,2,242,35,8,2023
2023-08-31,890530,4373,157642,47548,0,3,243,35,8,2023
2023-09-01,980709,4481,155378,45035,0,4,244,35,9,2023
2023-09-02,1165838,4992,174322,48172,0,5,245,35,9,2023
2023-09-03,894099,4183,151260,43425,0,6,246,35,9,2023
2023-09-04,766153,3971,123142,37351,0,0,247,36,9,2023
2023-09-05,768180,3522,139746,34197,0,1,248,36,9,2023
2023-09-06,904945,4024,153884,39644,0,2,249,36,9,2023
2023-09-07,828020,3955,147165,42667,0,3,250,36,9,2023
2023-09-08,1079192,4208,155647,49941,0,4,251,36,9,2023
2023-09-09,1068808,5044,145843,57375,0,5,252,36,9,2023
2023-09-10,973816,4504,180168,47830,0,6,253,36,9,2023
2023-09-11,740154,3863,111539,34142,0,0,254,37,9,2023
2023-09-12,821652,3714,126898,33738,0,1,255,37,9,2023
2023-09-13,877400,4257,137271,41939,0,2,256,37,9,2023
2023-09-14,1082356,5062,167277,60569,1,3,257,37,9,2023
2023-09-15,931824,4579,151195,55965,0,4,258,37,9,2023
2023-09-16,979533,4815,149775,53782,0,5,259,37,9,2023
2023-09-17,908171,4490,152789,42568,0,6,260,37,9,2023
2023-09-18,927032,3925,144749,38512,1,0,261,38,9,2023
2023-09-19,830772,4021,116969,37590,0,1,262,38,9,2023
2023-09-20,838338,3981,113665,36697,0,2,263,38,9,2023
2023-09-21,896786,4476,124757,44868,0,3,264,38,9,2023
2023-09-22,926390,4228,132866,49054,0,4,265,38,9,2023
2023-09-23,1058157,5104,144599,46242,0,5,266,38,9,2023
2023-09-24,931761,4159,125170,46782,0,6,267,38,9,2023
2023-09-25,668036,3729,127420,32988,0,0,268,39,9,2023
2023-09-26,852692,3912,142323,36198,0,1,269,39,9,2023
2023-09-27,815069,4101,126410,36063,0,2,270,39,9,2023
2023-09-28,918816,4412,118082,38228,0,3,271,39,9,2023
2023-09-29,1001023,4309,154438,54100,0,4,272,39,9,2023
2023-09-30,1363209,5753,185014,57756,1,5,273,39,9,2023
2023-10-01,923901,3829,128828,42116,0,6,274,39,10,2023
2023-10-02,737228,3474,136663,40073,0,0,275,40,10,2023
2023-10-03,811094,3927,138524,37367,0,1,276,40,10,2023
2023-10-04,839782,4305,124937,31609,0,2,277,40,10,2023
2023-10-05,927510,4004,111479,37146,0,3,278,40,10,2023
2023-10-06,936583,4459,132695,41756,0,4,279,40,10,2023
2023-10-07,1103114,4838,157499,52194,0,5,280,40,10,2023
2023-10-08,879448,4124,138717,45142,0,6,281,40,10,2023
2023-10-09,731426,3819,112319,33530,0,0,282,41,10,2023
2023-10-10,1007355,4392,149429,52789,1,1,283,41,10,2023
2023-10-11,844039,3951,121445,37086,0,2,284,41,10,2023
2023-10-12,865414,3997,149301,45198,0,3,285,41,10,2023
2023-10-13,880146,4407,140405,40661,0,4,286,41,10,2023
2023-10-14,1021436,4635,189054,52875,0,5,287,41,10,2023
2023-10-15,882915,3994,128574,40692,0,6,288,41,10,2023
2023-10-16,963159,4874,152072,46146,1,0,289,42,10,2023
2023-10-17,1047653,4620,140889,57409,1,1,290,42,10,2023
2023-10-18,778475,3758,124502,40551,0,2,291,42,10,2023
2023-10-19,853343,3823,126745,43135,0,3,292,42,10,2023
2023-10-20,881401,4509,139598,44805,0,4,293,42,10,2023
2023-10-21,924752,4641,138624,53909,0,5,294,42,10,2023
2023-10-22,818116,4231,129668,40384,0,6,295,42,10,2023
2023-10-23,731084,4154,120327,34385,0,0,296,43,10,2023
2023-10-24,1090219,5423,143557,32045,0,1,297,43,10,2023
2023-10-25,720070,3715,120744,31160,0,2,298,43,10,2023
2023-10-26,823763,4088,136227,42338,0,3,299,43,10,2023
2023-10-27,948933,3728,148325,49145,0,4,300,43,10,2023
2023-10-28,1128260,5656,160455,75323,1,5,301,43,10,2023
2023-10-29,814344,3933,141342,46319,0,6,302,43,10,2023
2023-10-30,689227,3571,116891,35287,0,0,303,44,10,2023
2023-10-31,725411,3750,128241,31562,0,1,304,44,10,2023
2023-11-01,987777,4964,165499,71446,1,2,305,44,11,2023
2023-11-02,919149,5177,154829,64147,1,3,306,44,11,2023
2023-11-03,911142,4435,114931,42774,0,4,307,44,11,2023
2023-11-04,975958,4678,142259,44489,0,5,308,44,11,2023
2023-11-05,793199,4177,107937,34810,0,6,309,44,11,2023
2023-11-06,658643,3865,95136,35712,0,0,310,45,11,2023
2023-11-07,683561,3670,116459,33332,0,1,311,45,11,2023
2023-11-08,739458,3724,116442,38923,0,2,312,45,11,2023
2023-11-09,816615,4275,113177,35681,0,3,313,45,11,2023
2023-11-10,858271,4048,144869,39503,0,4,314,45,11,2023
2023-11-11,927905,4894,148956,48512,0,5,315,45,11,2023
2023-11-12,827210,4113,145341,45206,0,6,316,45,11,2023
2023-11-13,615268,3690,117989,29716,0,0,317,46,11,2023
2023-11-14,673223,3682,108237,34493,0,1,318,46,11,2023
2023-11-15,702390,3740,120047,41724,0,2,319,46,11,2023
2023-11-16,766885,3894,132408,46156,0,3,320,46,11,2023
2023-11-17,819712,4288,122839,39849,0,4,321,46,11,2023
2023-11-18,896477,4703,137847,49302,0,5,322,46,11,2023
2023-11-19,782152,3833,141260,37140,0,6,323,46,11,2023
2023-11-20,687735,3404,110894,30532,0,0,324,47,11,2023
2023-11-21,676967,3645,125820,40679,0,1,325,47,11,2023
2023-11-22,751961,4055,125037,42960,0,2,326,47,11,2023
2023-11-23,739111,4051,118706,43195,0,3,327,47,11,2023
2023-11-24,822319,4184,114708,36452,0,4,328,47,11,2023
2023-11-25,948071,4785,142442,47385,0,5,329,47,11,2023
2023-11-26,805802,3774,116518,48231,0,6,330,47,11,2023
2023-11-27,661098,3533,107719,31377,0,0,331,48,11,2023
2023-11-28,670324,3914,105921,33887,0,1,332,48,11,2023
2023-11-29,677865,3789,115647,36020,0,2,333,48,11,2023
2023-11-30,725804,3876,126354,40338,0,3,334,48,11,2023
2023-12-01,799802,4470,128261,44988,0,4,335,48,12,2023
2023-12-02,867706,4463,148869,44220,0,5,336,48,12,2023
2023-12-03,786343,4295,134249,42134,0,6,337,48,12,2023
2023-12-04,606173,3527,96317,40481,0,0,338,49,12,2023
2023-12-05,711182,3670,94454,36686,0,1,339,49,12,2023
2023-12-06,291745,2828,95025,33876,0,2,340,49,12,2023
2023-12-07,707559,3938,124215,37320,0,3,341,49,12,2023
2023-12-08,828507,4153,158378,44467,0,4,342,49,12,2023
2023-12-09,898875,4507,159845,51836,0,5,343,49,12,2023
2023-12-10,719247,4023,132618,45430,0,6,344,49,12,2023
2023-12-11,660945,3651,104982,30040,0,0,345,50,12,2023
2023-12-12,705200,3953,113907,35369,0,1,346,50,12,2023
2023-12-13,693514,3688,118518,40300,0,2,347,50,12,2023
2023-12-14,880798,4470,155845,64975,1,3,348,50,12,2023
2023-12-15,807278,4256,128571,39634,0,4,349,50,12,2023
2023-12-16,860977,4679,136135,49715,0,5,350,50,12,2023
2023-12-17,739335,4209,144465,47594,0,6,351,50,12,2023
2023-12-18,628890,3691,117403,27890,0,0,352,51,12,2023
2023-12-19,917271,5934,142572,30470,0,1,353,51,12,2023
2023-12-20,649363,3896,116102,39500,0,2,354,51,12,2023
2023-12-21,725579,4101,126096,41201,0,3,355,51,12,2023
2023-12-22,793763,4399,146565,38481,0,4,356,51,12,2023
2023-12-23,855540,4514,149745,45796,0,5,357,51,12,2023
2023-12-24,738853,4188,130017,41696,0,6,358,51,12,2023
2023-12-25,645437,3559,104083,39114,0,0,359,52,12,2023
2023-12-26,689541,4019,116832,33277,0,1,360,52,12,2023
2023-12-27,692199,4076,124595,44235,0,2,361,52,12,2023
2023-12-28,735322,4096,140200,40827,0,3,362,52,12,2023
2023-12-29,791911,4679,117053,44418,0,4,363,52,12,2023
2023-12-30,857564,4466,143851,47532,0,5,364,52,12,2023
2023-12-31,732198,3753,133399,42796,0,6,365,52,12,2023
2024-01-01,599808,3914,102704,30326,0,0,1,1,1,2024
2024-01-02,612191,3977,114438,37035,0,1,2,1,1,2024
2024-01-03,714778,3951,120535,40462,0,2,3,1,1,2024
2024-01-04,753060,4055,114594,41152,0,3,4,1,1,2024
2024-01-05,833057,4164,131637,49441,0,4,5,1,1,2024
2024-01-06,832400,4489,166082,49511,0,5,6,1,1,2024
2024-01-07,791454,4215,135213,39909,0,6,7,1,1,2024
2024-01-08,636074,3925,124064,35010,0,0,8,2,1,2024
2024-01-09,701549,4447,140656,27727,0,1,9,2,1,2024
2024-01-10,661633,3903,129682,36947,0,2,10,2,1,2024
2024-01-11,739454,4055,113556,41357,0,3,11,2,1,2024
2024-01-12,786870,4390,159181,45915,0,4,12,2,1,2024
2024-01-13,846563,5162,154038,43093,0,5,13,2,1,2024
2024-01-14,779077,4404,130878,45810,0,6,14,2,1,2024
2024-01-15,608608,4233,109198,38214,0,0,15,3,1,2024
2024-01-16,635436,3711,123791,35364,0,1,16,3,1,2024
2024-01-17,729489,4272,126032,35800,0,2,17,3,1,2024
2024-01-18,708997,4369,116524,36335,0,3,18,3,1,2024
2024-01-19,793610,4891,136355,47465,0,4,19,3,1,2024
2024-01-20,905988,5269,163682,50899,0,5,20,3,1,2024
2024-01-21,799927,4293,147624,51750,0,6,21,3,1,2024
2024-01-22,639873,3946,107267,36092,0,0,22,4,1,2024
2024-01-23,678725,4388,136609,44354,0,1,23,4,1,2024
2024-01-24,794879,4484,123861,39372,0,2,24,4,1,2024
2024-01-25,762499,4599,122556,39500,0,3,25,4,1,2024
2024-01-26,846981,4665,157631,42511,0,4,26,4,1,2024
2024-01-27,871706,5063,146019,49343,0,5,27,4,1,2024
2024-01-28,773047,4791,137311,49582,0,6,28,4,1,2024
2024-01-29,664867,3628,104750,31413,0,0,29,5,1,2024
2024-01-30,754298,4428,116517,35348,0,1,30,5,1,2024
2024-01-31,926323,5185,165817,61877,1,2,31,5,1,2024
2024-02-01,981861,5158,152181,70682,1,3,32,5,2,2024
2024-02-02,909615,4962,160375,52410,0,4,33,5,2,2024
2024-02-03,1101622,5746,228867,70994,1,5,34,5,2,2024
2024-02-04,862465,4602,134703,55930,0,6,35,5,2,2024
2024-02-05,672628,4362,121352,39248,0,0,36,6,2,2024
2024-02-06,721497,3955,123509,48137,0,1,37,6,2,2024
2024-02-07,742682,4025,132252,47953,0,2,38,6,2,2024
2024-02-08,796167,4466,142848,48763,0,3,39,6,2,2024
2024-02-09,900451,4803,165796,46553,0,4,40,6,2,2024
2024-02-10,939258,5793,146922,50657,0,5,41,6,2,2024
2024-02-11,795937,4917,149669,43020,0,6,42,6,2,2024
2024-02-12,690961,4590,126993,38660,0,0,43,7,2,2024
2024-02-13,722839,4331,131693,33141,0,1,44,7,2,2024
2024-02-14,690948,4371,143620,42220,0,2,45,7,2,2024
2024-02-15,749760,4445,132881,46514,0,3,46,7,2,2024
2024-02-16,925431,5145,163381,45101,0,4,47,7,2,2024
2024-02-17,971860,5221,179017,53384,0,5,48,7,2,2024
2024-02-18,918715,4682,139792,46742,0,6,49,7,2,2024
2024-02-19,684785,4175,109842,35653,0,0,50,8,2,2024
2024-02-20,894422,5718,142957,56811,1,1,51,8,2,2024
2024-02-21,780611,4977,145564,41500,0,2,52,8,2,2024
2024-02-22,792547,4597,162278,47363,0,3,53,8,2,2024
2024-02-23,938477,4842,181132,47503,0,4,54,8,2,2024
2024-02-24,941789,5630,163317,66346,0,5,55,8,2,2024
2024-02-25,980611,5107,158965,42102,0,6,56,8,2,2024
2024-02-26,976886,5986,145540,54097,1,0,57,9,2,2024
2024-02-27,774186,4703,116661,47780,0,1,58,9,2,2024
2024-02-28,784901,4813,126306,48169,0,2,59,9,2,2024
2024-02-29,833254,5226,123009,42233,0,3,60,9,2,2024
2024-03-01,911381,5142,168292,55592,0,4,61,9,3,2024
2024-03-02,1016532,6178,216238,60403,0,5,62,9,3,2024
2024-03-03,909442,5201,152146,48951,0,6,63,9,3,2024
2024-03-04,712716,4684,141152,36363,0,0,64,10,3,2024
2024-03-05,800950,4998,134600,54354,0,1,65,10,3,2024
2024-03-06,912691,4980,169675,41073,0,2,66,10,3,2024
2024-03-07,898833,5164,168977,47494,0,3,67,10,3,2024
2024-03-08,967361,5591,182177,49677,0,4,68,10,3,2024
2024-03-09,997084,5589,174535,50407,0,5,69,10,3,2024
2024-03-10,939695,5278,146340,52224,0,6,70,10,3,2024
2024-03-11,795739,4595,129786,45164,0,0,71,11,3,2024
2024-03-12,884215,4983,158319,44237,0,1,72,11,3,2024
2024-03-13,783027,4693,165985,43200,0,2,73,11,3,2024
2024-03-14,927676,5441,151865,50616,0,3,74,11,3,2024
2024-03-15,906544,5294,193516,48889,0,4,75,11,3,2024
2024-03-16,1110253,5778,203020,68108,0,5,76,11,3,2024
2024-03-17,909023,5074,187334,48715,0,6,77,11,3,2024
2024-03-18,769238,5176,126673,48823,0,0,78,12,3,2024
2024-03-19,867289,5067,156891,42538,0,1,79,12,3,2024
2024-03-20,922796,5088,150168,38398,0,2,80,12,3,2024
2024-03-21,900798,5458,160430,44443,0,3,81,12,3,2024
2024-03-22,1058494,5432,198271,54643,0,4,82,12,3,2024
2024-03-23,1133986,6344,160550,56006,0,5,83,12,3,2024
2024-03-24,931829,5028,184923,52863,0,6,84,12,3,2024
2024-03-25,801077,4733,143710,34122,0,0,85,13,3,2024
2024-03-26,873586,5344,151562,43018,0,1,86,13,3,2024
2024-03-27,845509,5243,149743,40705,0,2,87,13,3,2024
2024-03-28,918334,5529,199414,48141,0,3,88,13,3,2024
2024-03-29,1080709,5833,217572,48805,0,4,89,13,3,2024
2024-03-30,1111646,5963,184100,56138,0,5,90,13,3,2024
2024-03-31,1005066,5640,184719,47964,0,6,91,13,3,2024
2024-04-01,1014303,6022,198154,61801,1,0,92,14,4,2024
2024-04-02,833411,5262,154354,39415,0,1,93,14,4,2024
2024-04-03,946915,5203,164353,51470,0,2,94,14,4,2024
2024-04-04,942087,5186,186214,46123,0,3,95,14,4,2024
2024-04-05,1057177,5245,206112,37753,0,4,96,14,4,2024
2024-04-06,1169774,6413,174910,54770,0,5,97,14,4,2024
2024-04-07,992064,5455,194850,54523,0,6,98,14,4,2024
2024-04-08,857800,4833,153536,46147,0,0,99,15,4,2024
2024-04-09,831553,5672,158541,44920,0,1,100,15,4,2024
2024-04-10,996886,5301,171450,42905,0,2,101,15,4,2024
2024-04-11,1000704,5469,177014,55180,0,3,102,15,4,2024
2024-04-12,1086169,6594,194355,53201,0,4,103,15,4,2024
2024-04-13,1197692,6869,176583,63918,0,5,104,15,4,2024
2024-04-14,1034066,6152,199748,53781,0,6,105,15,4,2024
2024-04-15,919402,4715,156508,37364,0,0,106,16,4,2024
2024-04-16,926197,5116,177570,49244,0,1,107,16,4,2024
2024-04-17,911350,5595,181679,49956,0,2,108,16,4,2024
2024-04-18,1444103,6786,239751,81666,1,3,109,16,4,2024
2024-04-19,1086688,5980,167605,59449,0,4,110,16,4,2024
2024-04-20,1215422,6771,204788,55769,0,5,111,16,4,2024
2024-04-21,1108095,6362,226224,55552,0,6,112,16,4,2024
2024-04-22,964435,5873,157963,39421,0,0,113,17,4,2024
2024-04-23,995083,5789,181959,44228,0,1,114,17,4,2024
2024-04-24,991914,5321,188778,44364,0,2,115,17,4,2024
2024-04-25,1059450,5790,193452,55677,0,3,116,17,4,2024
2024-04-26,1167969,6028,223454,56892,0,4,117,17,4,2024
2024-04-27,1620170,7406,215434,79871,1,5,118,17,4,2024
2024-04-28,1073853,5254,210345,63377,0,6,119,17,4,2024
2024-04-29,921100,5661,176433,37827,0,0,120,18,4,2024
2024-04-30,984402,5632,153924,52470,0,1,121,18,4,2024
2024-05-01,1305350,7367,213380,78960,1,2,122,18,5,2024
2024-05-02,1108516,6502,188949,45650,0,3,123,18,5,2024
2024-05-03,1133303,6448,199066,57909,0,4,124,18,5,2024
2024-05-04,1225234,7231,222519,64890,0,5,125,18,5,2024
2024-05-05,1154851,6049,215139,58412,0,6,126,18,5,2024
2024-05-06,1028514,5335,175182,45785,0,0,127,19,5,2024
2024-05-07,891013,5693,188715,46155,0,1,128,19,5,2024
2024-05-08,1032026,5965,213656,47207,0,2,129,19,5,2024
2024-05-09,1081446,6338,192647,43962,0,3,130,19,5,2024
2024-05-10,1204894,6079,205459,57648,0,4,131,19,5,2024
2024-05-11,1323701,7444,225224,71835,0,5,132,19,5,2024
2024-05-12,1082296,6299,215065,69483,0,6,133,19,5,2024
2024-05-13,943623,5850,174786,40611,0,0,134,20,5,2024
2024-05-14,977915,5457,184525,43296,0,1,135,20,5,2024
2024-05-15,999423,6039,213742,49672,0,2,136,20,5,2024
2024-05-16,1095908,5933,216283,62476,0,3,137,20,5,2024
2024-05-17,1104020,6842,222577,57551,0,4,138,20,5,2024
2024-05-18,1344099,6902,242050,69864,0,5,139,20,5,2024
2024-05-19,1202060,6483,210561,56813,0,6,140,20,5,2024
2024-05-20,947456,6282,172148,48017,0,0,141,21,5,2024
2024-05-21,1008401,5258,169516,51310,0,1,142,21,5,2024
2024-05-22,1136671,6052,196426,51862,0,2,143,21,5,2024
2024-05-23,1067259,6406,201944,54928,0,3,144,21,5,2024
2024-05-24,1225491,6812,233262,48537,0,4,145,21,5,2024
2024-05-25,1206783,7292,237869,56176,0,5,146,21,5,2024
2024-05-26,1169470,6734,198674,55414,0,6,147,21,5,2024
2024-05-27,948561,6430,180145,37471,0,0,148,22,5,2024
2024-05-28,1077761,5794,164542,49910,0,1,149,22,5,2024
2024-05-29,978584,6264,204914,44260,0,2,150,22,5,2024
2024-05-30,1149719,6925,247750,56631,0,3,151,22,5,2024
2024-05-31,1257669,6968,198298,57408,0,4,152,22,5,2024
2024-06-01,1601092,8868,304300,91841,1,5,153,22,6,2024
2024-06-02,1170601,6609,226687,49535,0,6,154,22,6,2024
2024-06-03,936169,5832,188694,35231,0,0,155,23,6,2024
2024-06-04,1154266,5816,201473,58223,0,1,156,23,6,2024
2024-06-05,1400127,7981,238452,76210,1,2,157,23,6,2024
2024-06-06,1085992,6964,195955,58063,0,3,158,23,6,2024
2024-06-07,1225830,6683,223206,63988,0,4,159,23,6,2024
2024-06-08,1336063,6586,255538,59137,0,5,160,23,6,2024
2024-06-09,1212536,5989,212204,55443,0,6,161,23,6,2024
2024-06-10,1027461,5691,184799,46056,0,0,162,24,6,2024
2024-06-11,981879,6270,178841,51208,0,1,163,24,6,2024
2024-06-12,1181435,6371,186921,52559,0,2,164,24,6,2024
2024-06-13,1049981,6303,239694,46601,0,3,165,24,6,2024
2024-06-14,1375993,7469,205638,51593,0,4,166,24,6,2024
2024-06-15,1402749,7962,266645,65413,0,5,167,24,6,2024
2024-06-16,1196574,7208,205024,56319,0,6,168,24,6,2024
2024-06-17,1060949,5433,189775,52867,0,0,169,25,6,2024
2024-06-18,1086982,5860,202532,47613,0,1,170,25,6,2024
2024-06-19,1203306,6447,189654,43068,0,2,171,25,6,2024
2024-06-20,1366983,6539,202689,58941,0,3,172,25,6,2024
2024-06-21,1222911,7228,208129,67463,0,4,173,25,6,2024
2024-06-22,1493832,7854,238958,63425,0,5,174,25,6,2024
2024-06-23,1263411,6659,196596,47923,0,6,175,25,6,2024
2024-06-24,1116701,5726,178960,50371,0,0,176,26,6,2024
2024-06-25,1159830,6252,226496,45650,0,1,177,26,6,2024
2024-06-26,1137382,6222,211651,48286,0,2,178,26,6,2024
2024-06-27,1300985,6673,203914,57391,0,3,179,26,6,2024
2024-06-28,682731,4380,187974,66273,0,4,180,26,6,2024
2024-06-29,1398376,8065,245090,69738,0,5,181,26,6,2024
2024-06-30,1296594,6583,244327,52399,0,6,182,26,6,2024
2024-07-01,950816,6273,196345,49155,0,0,183,27,7,2024
2024-07-02,1055950,6310,213687,49233,0,1,184,27,7,2024
2024-07-03,1095097,6282,189123,59252,0,2,185,27,7,2024
2024-07-04,1263104,6525,208880,55140,0,3,186,27,7,2024
2024-07-05,1264552,7100,228495,59374,0,4,187,27,7,2024
2024-07-06,1530583,7735,261388,72302,0,5,188,27,7,2024
2024-07-07,1293923,6911,227234,57004,0,6,189,27,7,2024
2024-07-08,1074247,6191,168778,42130,0,0,190,28,7,2024
2024-07-09,1092978,6329,203650,46461,0,1,191,28,7,2024
2024-07-10,1167166,5964,207614,42601,0,2,192,28,7,2024
2024-07-11,1295661,6738,246071,54868,0,3,193,28,7,2024
2024-07-12,1315451,6612,247205,56238,0,4,194,28,7,2024
2024-07-13,1442135,7431,259267,63450,0,5,195,28,7,2024
2024-07-14,1221857,6038,244765,54024,0,6,196,28,7,2024
2024-07-15,1054091,5739,186070,44070,0,0,197,29,7,2024
2024-07-16,1184101,6017,188537,43578,0,1,198,29,7,2024
2024-07-17,1197293,6227,216069,49574,0,2,199,29,7,2024
2024-07-18,1156517,6591,221654,64472,0,3,200,29,7,2024
2024-07-19,1310484,6598,233361,56396,0,4,201,29,7,2024
2024-07-20,1442357,7773,268621,65480,0,5,202,29,7,2024
2024-07-21,1355137,6691,231904,61238,0,6,203,29,7,2024
2024-07-22,1055699,5943,202487,40593,0,0,204,30,7,2024
2024-07-23,1099013,6381,218903,52922,0,1,205,30,7,2024
2024-07-24,1145623,6690,218550,44846,0,2,206,30,7,2024
2024-07-25,1142877,6622,204724,46562,0,3,207,30,7,2024
2024-07-26,1318423,6365,263708,58483,0,4,208,30,7,2024
2024-07-27,1275767,7325,218132,61807,0,5,209,30,7,2024
2024-07-28,1259995,6816,247462,65642,0,6,210,30,7,2024
2024-07-29,922825,5623,190409,51985,0,0,211,31,7,2024
2024-07-30,1023190,6352,189646,50212,0,1,212,31,7,2024
2024-07-31,1102981,6408,224817,51254,0,2,213,31,7,2024
2024-08-01,1118732,6642,226043,51877,0,3,214,31,8,2024
2024-08-02,1359689,7016,235013,52817,0,4,215,31,8,2024
2024-08-03,1440274,7504,270864,52467,0,5,216,31,8,2024
2024-08-04,1308397,6668,236501,64610,0,6,217,31,8,2024
2024-08-05,1373375,6789,212449,76513,1,0,218,32,8,2024
2024-08-06,1056387,6065,204396,48857,0,1,219,32,8,2024
2024-08-07,1032465,5744,206049,56479,0,2,220,32,8,2024
2024-08-08,1119315,6033,227190,57847,0,3,221,32,8,2024
2024-08-09,1385283,7040,251034,66278,0,4,222,32,8,2024
2024-08-10,1326952,7041,236190,78254,0,5,223,32,8,2024
2024-08-11,1180761,6907,206684,58006,0,6,224,32,8,2024
2024-08-12,1014718,5718,172965,45889,0,0,225,33,8,2024
2024-08-13,999654,6469,187239,46484,0,1,226,33,8,2024
2024-08-14,1146149,6642,195020,52395,0,2,227,33,8,2024
2024-08-15,1161639,6197,242116,58499,0,3,228,33,8,2024
2024-08-16,1465886,9253,285952,85110,1,4,229,33,8,2024
2024-08-17,1330999,7543,236581,50913,0,5,230,33,8,2024
2024-08-18,1138854,6702,234697,57250,0,6,231,33,8,2024
2024-08-19,966609,5801,193405,50612,0,0,232,34,8,2024
2024-08-20,1035389,6352,178831,49687,0,1,233,34,8,2024
2024-08-21,1057397,6337,186347,42653,0,2,234,34,8,2024
2024-08-22,1194768,6411,180752,58425,0,3,235,34,8,2024
2024-08-23,1293320,6902,254068,49274,0,4,236,34,8,2024
2024-08-24,1393488,7163,262485,64301,0,5,237,34,8,2024
2024-08-25,1227780,6197,188230,54503,0,6,238,34,8,2024
2024-08-26,917698,6114,188182,50970,0,0,239,35,8,2024
2024-08-27,1073361,5792,171957,47149,0,1,240,35,8,2024
2024-08-28,1024180,5781,191783,47846,0,2,241,35,8,2024
2024-08-29,1213471,5990,237807,54252,0,3,242,35,8,2024
2024-08-30,1222315,6839,243283,57188,0,4,243,35,8,2024
2024-08-31,1394552,7155,223015,54711,0,5,244,35,8,2024
2024-09-01,1154131,6765,219155,52568,0,6,245,35,9,2024
2024-09-02,985199,5609,170592,39117,0,0,246,36,9,2024
2024-09-03,1297282,6836,227341,83944,1,1,247,36,9,2024
2024-09-04,1168261,6580,185648,53639,0,2,248,36,9,2024
2024-09-05,1078307,6614,208014,50390,0,3,249,36,9,2024
2024-09-06,1189827,6692,192403,47351,0,4,250,36,9,2024
2024-09-07,1338453,7141,253665,58680,0,5,251,36,9,2024
2024-09-08,1212819,6826,246231,54799,0,6,252,36,9,2024
2024-09-09,1027951,5996,175914,52864,0,0,253,37,9,2024
2024-09-10,987501,5736,167289,50709,0,1,254,37,9,2024
2024-09-11,979369,5964,200547,47661,0,2,255,37,9,2024
2024-09-12,1174274,5820,187589,54215,0,3,256,37,9,2024
2024-09-13,471804,4344,175892,60606,0,4,257,37,9,2024
2024-09-14,1311580,6967,218029,56590,0,5,258,37,9,2024
2024-09-15,1184202,6302,216415,69909,0,6,259,37,9,2024
2024-09-16,970520,6282,143229,47499,0,0,260,38,9,2024
2024-09-17,1076835,5875,178369,53420,0,1,261,38,9,2024
2024-09-18,1032656,5753,194531,44182,0,2,262,38,9,2024
2024-09-19,1016100,6497,207651,45928,0,3,263,38,9,2024
2024-09-20,1112491,6878,224244,63646,0,4,264,38,9,2024
2024-09-21,1322311,7880,245883,54949,0,5,265,38,9,2024
2024-09-22,1106347,6353,208383,39323,0,6,266,38,9,2024
2024-09-23,942631,5519,181961,43171,0,0,267,39,9,2024
2024-09-24,934734,5913,184769,49118,0,1,268,39,9,2024
2024-09-25,850630,6131,177722,46233,0,2,269,39,9,2024
2024-09-26,1084487,6062,188889,51615,0,3,270,39,9,2024
2024-09-27,1120076,6311,212369,49831,0,4,271,39,9,2024
2024-09-28,1239894,7371,243242,60140,0,5,272,39,9,2024
2024-09-29,1136817,6188,202611,57158,0,6,273,39,9,2024
2024-09-30,997715,5320,149467,43089,0,0,274,40,9,2024
2024-10-01,917506,5623,175635,39681,0,1,275,40,10,2024
2024-10-02,1074729,5745,185490,47014,0,2,276,40,10,2024
2024-10-03,936068,5458,210142,53394,0,3,277,40,10,2024
2024-10-04,1037465,6810,228442,45318,0,4,278,40,10,2024
2024-10-05,1260745,6820,203616,63267,0,5,279,40,10,2024
2024-10-06,1118825,6247,202270,48710,0,6,280,40,10,2024
2024-10-07,888585,5573,163693,48195,0,0,281,41,10,2024
2024-10-08,818357,5597,165809,39100,0,1,282,41,10,2024
2024-10-09,1048584,5764,175738,42786,0,2,283,41,10,2024
2024-10-10,336499,4111,127137,42468,0,3,284,41,10,2024
2024-10-11,1021269,6285,193780,61842,0,4,285,41,10,2024
2024-10-12,1289616,7016,199751,53410,0,5,286,41,10,2024
2024-10-13,1094055,5657,201573,53761,0,6,287,41,10,2024
2024-10-14,851092,5155,181850,43855,0,0,288,42,10,2024
2024-10-15,893883,5183,186056,49596,0,1,289,42,10,2024
2024-10-16,972809,5437,163516,46742,0,2,290,42,10,2024
2024-10-17,1488764,6657,233758,82951,1,3,291,42,10,2024
2024-10-18,1106860,6099,224043,61546,0,4,292,42,10,2024
2024-10-19,1166360,6304,230996,58659,0,5,293,42,10,2024
2024-10-20,1068936,6153,171467,48055,0,6,294,42,10,2024
2024-10-21,860891,5291,158427,50889,0,0,295,43,10,2024
2024-10-22,865813,5199,143084,38521,0,1,296,43,10,2024
2024-10-23,947706,5821,194711,51385,0,2,297,43,10,2024
2024-10-24,950657,5580,193256,52181,0,3,298,43,10,2024
2024-10-25,1112330,5699,202479,54460,0,4,299,43,10,2024
2024-10-26,1099674,6402,222284,55079,0,5,300,43,10,2024
2024-10-27,1076611,5407,185392,45308,0,6,301,43,10,2024
2024-10-28,844479,5092,149555,40185,0,0,302,44,10,2024
2024-10-29,945427,5670,166614,36211,0,1,303,44,10,2024
2024-10-30,1234594,6160,222560,77597,1,2,304,44,10,2024
2024-10-31,1001355,5628,165199,47462,0,3,305,44,10,2024
2024-11-01,1059760,6028,201097,66057,0,4,306,44,11,2024
2024-11-02,1069184,5744,214545,61284,0,5,307,44,11,2024
2024-11-03,1028366,5753,205431,52161,0,6,308,44,11,2024
2024-11-04,898697,5655,163644,40938,0,0,309,45,11,2024
2024-11-05,907865,5521,160486,46576,0,1,310,45,11,2024
2024-11-06,888361,5675,169592,42125,0,2,311,45,11,2024
2024-11-07,936664,5554,177239,51430,0,3,312,45,11,2024
2024-11-08,1027902,5590,172122,54177,0,4,313,45,11,2024
2024-11-09,1203821,6219,188227,56653,0,5,314,45,11,2024
2024-11-10,923421,5031,201292,44501,0,6,315,45,11,2024
2024-11-11,755142,5319,161114,47325,0,0,316,46,11,2024
2024-11-12,889264,5588,164508,52462,0,1,317,46,11,2024
2024-11-13,832314,5346,184449,53720,0,2,318,46,11,2024
2024-11-14,877350,5479,176958,51095,0,3,319,46,11,2024
2024-11-15,1079265,6130,184560,49360,0,4,320,46,11,2024
2024-11-16,1127717,6643,210093,59333,0,5,321,46,11,2024
2024-11-17,936317,5765,166382,48625,0,6,322,46,11,2024
2024-11-18,820354,5151,140834,38397,0,0,323,47,11,2024
2024-11-19,795489,5205,159012,41806,0,1,324,47,11,2024
2024-11-20,858889,5069,184572,43480,0,2,325,47,11,2024
2024-11-21,1016477,5548,174354,48493,0,3,326,47,11,2024
2024-11-22,889350,5903,188837,33751,0,4,327,47,11,2024
2024-11-23,1013972,6495,207252,67460,0,5,328,47,11,2024
2024-11-24,924224,5589,184252,47237,0,6,329,47,11,2024
2024-11-25,745312,5228,126260,40142,0,0,330,48,11,2024
2024-11-26,823119,5148,131097,47245,0,1,331,48,11,2024
2024-11-27,1144627,6654,191181,72007,1,2,332,48,11,2024
2024-11-28,875478,5547,171733,47914,0,3,333,48,11,2024
2024-11-29,940150,6000,191894,47284,0,4,334,48,11,2024
2024-11-30,1107750,6640,194571,61881,0,5,335,48,11,2024
2024-12-01,924279,5611,178878,60779,0,6,336,48,12,2024
2024-12-02,780953,5015,152203,37000,0,0,337,49,12,2024
2024-12-03,728700,4926,163273,35029,0,1,338,49,12,2024
2024-12-04,851043,6085,161483,41107,0,2,339,49,12,2024
2024-12-05,911709,4902,183778,49128,0,3,340,49,12,2024
2024-12-06,960527,6011,194297,49879,0,4,341,49,12,2024
2024-12-07,1079529,6807,210371,66968,0,5,342,49,12,2024
2024-12-08,1003158,5518,187895,56989,0,6,343,49,12,2024
2024-12-09,719640,5509,145865,40096,0,0,344,50,12,2024
2024-12-10,731500,5423,150705,48668,0,1,345,50,12,2024
2024-12-11,843620,5303,159344,49092,0,2,346,50,12,2024
2024-12-12,899592,5567,165762,54639,0,3,347,50,12,2024
2024-12-13,1058624,6129,211686,54524,0,4,348,50,12,2024
2024-12-14,1120660,6863,186843,49770,0,5,349,50,12,2024
2024-12-15,850596,6103,173696,55962,0,6,350,50,12,2024
2024-12-16,806622,5453,161391,44239,0,0,351,51,12,2024
2024-12-17,835842,4801,162493,41006,0,1,352,51,12,2024
2024-12-18,984894,6146,217197,78000,1,2,353,51,12,2024
2024-12-19,904286,5940,171864,59289,0,3,354,51,12,2024
2024-12-20,917091,6036,177000,59479,0,4,355,51,12,2024
2024-12-21,1065055,6054,202914,66889,0,5,356,51,12,2024
2024-12-22,1094506,6307,240418,87004,1,6,357,51,12,2024
2024-12-23,744942,5333,131174,55451,0,0,358,52,12,2024
2024-12-24,821138,4930,142631,40541,0,1,359,52,12,2024
2024-12-25,813321,5723,180086,49943,0,2,360,52,12,2024
2024-12-26,891794,5410,171515,54332,0,3,361,52,12,2024
2024-12-27,1011484,6330,219724,55346,0,4,362,52,12,2024
2024-12-28,1064332,6767,229631,56839,0,5,363,52,12,2024
2024-12-29,1150266,6829,223812,75393,1,6,364,52,12,2024
2024-12-30,775562,5215,151112,37398,0,0,365,1,12,2024
